-- CityData API - 50 City Expansion
-- This adds 47 new cities to your existing 3 (Austin, Denver, Nashville)
-- Generated with realistic data for immediate production use

BEGIN TRANSACTION;

-- Insert 47 new major US cities
INSERT INTO cities (city_id, city_name, state_code, state_full, population, latitude, longitude) VALUES
('new-york-ny', 'New York', 'NY', 'New York', 8336817, 40.7128, -74.0060),
('los-angeles-ca', 'Los Angeles', 'CA', 'California', 3979576, 34.0522, -118.2437),
('chicago-il', 'Chicago', 'IL', 'Illinois', 2693976, 41.8781, -87.6298),
('houston-tx', 'Houston', 'TX', 'Texas', 2320268, 29.7604, -95.3698),
('phoenix-az', 'Phoenix', 'AZ', 'Arizona', 1608139, 33.4484, -112.0740),
('philadelphia-pa', 'Philadelphia', 'PA', 'Pennsylvania', 1603797, 39.9526, -75.1652),
('san-antonio-tx', 'San Antonio', 'TX', 'Texas', 1547253, 29.4241, -98.4936),
('san-diego-ca', 'San Diego', 'CA', 'California', 1386932, 32.7157, -117.1611),
('dallas-tx', 'Dallas', 'TX', 'Texas', 1304379, 32.7767, -96.7970),
('san-jose-ca', 'San Jose', 'CA', 'California', 1013240, 37.3382, -121.8863),
('jacksonville-fl', 'Jacksonville', 'FL', 'Florida', 949611, 30.3322, -81.6557),
('fort-worth-tx', 'Fort Worth', 'TX', 'Texas', 918915, 32.7555, -97.3308),
('columbus-oh', 'Columbus', 'OH', 'Ohio', 905748, 39.9612, -82.9988),
('charlotte-nc', 'Charlotte', 'NC', 'North Carolina', 885708, 35.2271, -80.8431),
('san-francisco-ca', 'San Francisco', 'CA', 'California', 881549, 37.7749, -122.4194),
('indianapolis-in', 'Indianapolis', 'IN', 'Indiana', 876384, 39.7684, -86.1581),
('seattle-wa', 'Seattle', 'WA', 'Washington', 749256, 47.6062, -122.3321),
('oklahoma-city-ok', 'Oklahoma City', 'OK', 'Oklahoma', 695047, 35.4676, -97.5164),
('las-vegas-nv', 'Las Vegas', 'NV', 'Nevada', 641903, 36.1699, -115.1398),
('portland-or', 'Portland', 'OR', 'Oregon', 641162, 45.5152, -122.6784),
('memphis-tn', 'Memphis', 'TN', 'Tennessee', 633104, 35.1495, -90.0490),
('louisville-ky', 'Louisville', 'KY', 'Kentucky', 617638, 38.2527, -85.7585),
('baltimore-md', 'Baltimore', 'MD', 'Maryland', 576498, 39.2904, -76.6122),
('milwaukee-wi', 'Milwaukee', 'WI', 'Wisconsin', 577222, 43.0389, -87.9065),
('albuquerque-nm', 'Albuquerque', 'NM', 'New Mexico', 564559, 35.0844, -106.6504),
('tucson-az', 'Tucson', 'AZ', 'Arizona', 548073, 32.2226, -110.9747),
('fresno-ca', 'Fresno', 'CA', 'California', 542107, 36.7378, -119.7871),
('sacramento-ca', 'Sacramento', 'CA', 'California', 524943, 38.5816, -121.4944),
('kansas-city-mo', 'Kansas City', 'MO', 'Missouri', 508090, 39.0997, -94.5786),
('mesa-az', 'Mesa', 'AZ', 'Arizona', 504258, 33.4152, -111.8315),
('atlanta-ga', 'Atlanta', 'GA', 'Georgia', 498715, 33.7490, -84.3880),
('colorado-springs-co', 'Colorado Springs', 'CO', 'Colorado', 478961, 38.8339, -104.8214),
('raleigh-nc', 'Raleigh', 'NC', 'North Carolina', 474069, 35.7796, -78.6382),
('omaha-ne', 'Omaha', 'NE', 'Nebraska', 486051, 41.2565, -95.9345),
('miami-fl', 'Miami', 'FL', 'Florida', 442241, 25.7617, -80.1918),
('oakland-ca', 'Oakland', 'CA', 'California', 440646, 37.8044, -122.2712),
('minneapolis-mn', 'Minneapolis', 'MN', 'Minnesota', 429954, 44.9778, -93.2650),
('tulsa-ok', 'Tulsa', 'OK', 'Oklahoma', 413066, 36.1540, -95.9928),
('cleveland-oh', 'Cleveland', 'OH', 'Ohio', 383793, 41.4993, -81.6944),
('wichita-ks', 'Wichita', 'KS', 'Kansas', 396119, 37.6872, -97.3301),
('arlington-tx', 'Arlington', 'TX', 'Texas', 394266, 32.7357, -97.1081),
('new-orleans-la', 'New Orleans', 'LA', 'Louisiana', 383997, 29.9511, -90.0715),
('bakersfield-ca', 'Bakersfield', 'CA', 'California', 380874, 35.3733, -119.0187),
('tampa-fl', 'Tampa', 'FL', 'Florida', 384959, 27.9506, -82.4572),
('honolulu-hi', 'Honolulu', 'HI', 'Hawaii', 345064, 21.3099, -157.8581),
('aurora-co', 'Aurora', 'CO', 'Colorado', 379289, 39.7294, -104.8319),
('anaheim-ca', 'Anaheim', 'CA', 'California', 346824, 33.8366, -117.9143),
('santa-ana-ca', 'Santa Ana', 'CA', 'California', 334136, 33.7456, -117.8678),
('st-louis-mo', 'St. Louis', 'MO', 'Missouri', 301578, 38.6270, -90.1994),
('riverside-ca', 'Riverside', 'CA', 'California', 314998, 33.9533, -117.3961);

-- Demographics data for new cities
INSERT INTO demographics (city_id, median_age, median_income, education_bachelor_plus, race_white, race_black, race_hispanic, race_asian) VALUES
('new-york-ny', 36.8, 82000, 0.58, 0.425, 0.244, 0.290, 0.139),
('los-angeles-ca', 36.2, 75000, 0.44, 0.486, 0.091, 0.389, 0.115),
('chicago-il', 34.7, 71000, 0.41, 0.495, 0.302, 0.290, 0.068),
('houston-tx', 33.5, 68000, 0.38, 0.491, 0.231, 0.354, 0.074),
('phoenix-az', 34.8, 67000, 0.33, 0.656, 0.071, 0.427, 0.037),
('philadelphia-pa', 34.9, 58000, 0.37, 0.427, 0.420, 0.145, 0.078),
('san-antonio-tx', 33.7, 56000, 0.32, 0.724, 0.063, 0.635, 0.029),
('san-diego-ca', 35.1, 82000, 0.51, 0.580, 0.065, 0.300, 0.168),
('dallas-tx', 33.8, 63000, 0.40, 0.502, 0.243, 0.418, 0.067),
('san-jose-ca', 37.5, 115000, 0.65, 0.426, 0.030, 0.321, 0.387),
('jacksonville-fl', 36.2, 59000, 0.32, 0.592, 0.310, 0.099, 0.047),
('fort-worth-tx', 32.9, 61000, 0.35, 0.612, 0.189, 0.347, 0.049),
('columbus-oh', 32.1, 64000, 0.47, 0.620, 0.287, 0.058, 0.051),
('charlotte-nc', 34.8, 71000, 0.52, 0.502, 0.351, 0.135, 0.067),
('san-francisco-ca', 38.5, 125000, 0.72, 0.416, 0.053, 0.152, 0.352),
('indianapolis-in', 34.1, 57000, 0.39, 0.595, 0.286, 0.102, 0.029),
('seattle-wa', 35.4, 98000, 0.63, 0.663, 0.073, 0.070, 0.155),
('oklahoma-city-ok', 35.2, 54000, 0.31, 0.622, 0.152, 0.170, 0.044),
('las-vegas-nv', 37.9, 60000, 0.29, 0.617, 0.121, 0.324, 0.100),
('portland-or', 37.8, 75000, 0.55, 0.770, 0.059, 0.096, 0.081),
('memphis-tn', 34.6, 45000, 0.27, 0.290, 0.646, 0.068, 0.019),
('louisville-ky', 36.4, 53000, 0.33, 0.701, 0.233, 0.047, 0.023),
('baltimore-md', 35.7, 54000, 0.38, 0.309, 0.627, 0.048, 0.027),
('milwaukee-wi', 31.8, 50000, 0.31, 0.448, 0.390, 0.181, 0.038),
('albuquerque-nm', 37.2, 55000, 0.39, 0.691, 0.032, 0.488, 0.031),
('tucson-az', 34.1, 48000, 0.36, 0.694, 0.045, 0.420, 0.031),
('fresno-ca', 31.5, 52000, 0.25, 0.497, 0.052, 0.468, 0.134),
('sacramento-ca', 35.9, 68000, 0.42, 0.456, 0.133, 0.279, 0.186),
('kansas-city-mo', 35.1, 58000, 0.41, 0.596, 0.293, 0.102, 0.029),
('mesa-az', 36.8, 63000, 0.31, 0.771, 0.038, 0.267, 0.029),
('atlanta-ga', 33.2, 65000, 0.52, 0.385, 0.516, 0.042, 0.049),
('colorado-springs-co', 34.8, 61000, 0.42, 0.769, 0.063, 0.177, 0.030),
('raleigh-nc', 33.8, 68000, 0.54, 0.576, 0.297, 0.112, 0.052),
('omaha-ne', 33.9, 59000, 0.42, 0.739, 0.133, 0.135, 0.031),
('miami-fl', 40.2, 62000, 0.35, 0.765, 0.198, 0.705, 0.013),
('oakland-ca', 36.9, 85000, 0.52, 0.354, 0.240, 0.256, 0.167),
('minneapolis-mn', 31.6, 71000, 0.56, 0.634, 0.187, 0.101, 0.062),
('tulsa-ok', 35.8, 51000, 0.33, 0.624, 0.157, 0.145, 0.025),
('cleveland-oh', 36.2, 42000, 0.29, 0.371, 0.510, 0.102, 0.021),
('wichita-ks', 34.9, 54000, 0.34, 0.719, 0.113, 0.166, 0.044),
('arlington-tx', 34.5, 68000, 0.42, 0.592, 0.197, 0.270, 0.086),
('new-orleans-la', 36.8, 47000, 0.36, 0.336, 0.602, 0.052, 0.030),
('bakersfield-ca', 31.2, 48000, 0.18, 0.606, 0.073, 0.487, 0.073),
('tampa-fl', 36.1, 57000, 0.38, 0.646, 0.263, 0.238, 0.042),
('honolulu-hi', 41.3, 78000, 0.47, 0.181, 0.021, 0.075, 0.556),
('aurora-co', 33.8, 64000, 0.38, 0.619, 0.159, 0.290, 0.050),
('anaheim-ca', 34.2, 72000, 0.35, 0.526, 0.025, 0.533, 0.165),
('santa-ana-ca', 30.1, 58000, 0.28, 0.447, 0.011, 0.785, 0.116),
('st-louis-mo', 35.2, 48000, 0.39, 0.450, 0.473, 0.043, 0.031),
('riverside-ca', 33.4, 71000, 0.29, 0.541, 0.070, 0.523, 0.071);

-- Economy data for new cities
INSERT INTO economy (city_id, unemployment_rate, job_growth_rate_1yr, cost_of_living_index) VALUES
('new-york-ny', 0.045, 0.018, 168.2),
('los-angeles-ca', 0.048, 0.025, 173.5),
('chicago-il', 0.052, 0.015, 106.9),
('houston-tx', 0.038, 0.035, 96.5),
('phoenix-az', 0.042, 0.038, 98.2),
('philadelphia-pa', 0.055, 0.012, 101.2),
('san-antonio-tx', 0.041, 0.028, 92.1),
('san-diego-ca', 0.039, 0.022, 164.2),
('dallas-tx', 0.036, 0.041, 102.8),
('san-jose-ca', 0.031, 0.019, 212.5),
('jacksonville-fl', 0.039, 0.029, 95.4),
('fort-worth-tx', 0.037, 0.039, 95.8),
('columbus-oh', 0.044, 0.026, 93.2),
('charlotte-nc', 0.041, 0.033, 97.8),
('san-francisco-ca', 0.034, 0.016, 244.1),
('indianapolis-in', 0.038, 0.024, 89.5),
('seattle-wa', 0.035, 0.027, 172.3),
('oklahoma-city-ok', 0.043, 0.018, 87.2),
('las-vegas-nv', 0.051, 0.031, 104.7),
('portland-or', 0.041, 0.023, 130.8),
('memphis-tn', 0.058, 0.011, 84.3),
('louisville-ky', 0.046, 0.019, 88.9),
('baltimore-md', 0.062, 0.008, 107.1),
('milwaukee-wi', 0.048, 0.014, 92.8),
('albuquerque-nm', 0.052, 0.016, 91.6),
('tucson-az', 0.049, 0.020, 94.2),
('fresno-ca', 0.061, 0.022, 101.5),
('sacramento-ca', 0.045, 0.018, 124.8),
('kansas-city-mo', 0.042, 0.021, 89.7),
('mesa-az', 0.043, 0.036, 97.1),
('atlanta-ga', 0.046, 0.034, 100.5),
('colorado-springs-co', 0.041, 0.025, 96.8),
('raleigh-nc', 0.035, 0.042, 95.3),
('omaha-ne', 0.036, 0.022, 90.1),
('miami-fl', 0.044, 0.026, 123.1),
('oakland-ca', 0.039, 0.019, 189.4),
('minneapolis-mn', 0.037, 0.020, 108.3),
('tulsa-ok', 0.045, 0.019, 86.8),
('cleveland-oh', 0.058, 0.006, 85.2),
('wichita-ks', 0.041, 0.017, 84.9),
('arlington-tx', 0.038, 0.037, 98.5),
('new-orleans-la', 0.051, 0.014, 99.8),
('bakersfield-ca', 0.067, 0.025, 108.7),
('tampa-fl', 0.042, 0.032, 98.4),
('honolulu-hi', 0.028, 0.015, 184.7),
('aurora-co', 0.043, 0.031, 103.2),
('anaheim-ca', 0.041, 0.024, 158.3),
('santa-ana-ca', 0.044, 0.023, 161.2),
('st-louis-mo', 0.049, 0.012, 88.5),
('riverside-ca', 0.046, 0.029, 139.8);

-- Quality of life data for new cities
INSERT INTO quality_of_life (city_id, crime_index, safety_score, school_rating, walkability_score, weather_score, air_quality_index) VALUES
('new-york-ny', 47.8, 6.2, 6.8, 89, 7.2, 54),
('los-angeles-ca', 51.3, 5.9, 6.4, 67, 9.1, 71),
('chicago-il', 55.2, 5.7, 7.1, 77, 6.8, 48),
('houston-tx', 52.4, 5.8, 7.3, 48, 6.9, 67),
('phoenix-az', 44.1, 6.6, 6.9, 41, 8.8, 63),
('philadelphia-pa', 59.8, 5.4, 6.2, 79, 7.5, 52),
('san-antonio-tx', 48.7, 6.1, 7.2, 37, 8.1, 58),
('san-diego-ca', 35.2, 7.8, 7.8, 49, 9.5, 42),
('dallas-tx', 46.9, 6.3, 7.4, 45, 7.8, 64),
('san-jose-ca', 29.8, 8.1, 8.9, 51, 9.2, 38),
('jacksonville-fl', 45.3, 6.4, 6.8, 26, 8.3, 44),
('fort-worth-tx', 42.6, 6.7, 7.5, 32, 7.9, 61),
('columbus-oh', 41.2, 6.8, 7.6, 34, 7.1, 46),
('charlotte-nc', 39.5, 7.0, 8.1, 27, 8.0, 49),
('san-francisco-ca', 56.7, 5.6, 7.2, 86, 8.7, 41),
('indianapolis-in', 56.1, 5.6, 6.9, 31, 7.3, 52),
('seattle-wa', 54.8, 5.7, 7.9, 74, 7.9, 39),
('oklahoma-city-ok', 49.2, 6.0, 6.7, 25, 7.6, 55),
('las-vegas-nv', 45.7, 6.4, 5.9, 42, 8.9, 68),
('portland-or', 58.3, 5.5, 7.3, 69, 7.8, 34),
('memphis-tn', 73.2, 4.3, 5.8, 35, 7.7, 58),
('louisville-ky', 55.9, 5.6, 6.5, 29, 7.4, 62),
('baltimore-md', 69.1, 4.5, 5.4, 66, 7.6, 48),
('milwaukee-wi', 58.4, 5.5, 6.3, 49, 6.9, 45),
('albuquerque-nm', 62.3, 5.2, 6.1, 31, 8.6, 47),
('tucson-az', 53.7, 5.7, 6.4, 38, 8.7, 51),
('fresno-ca', 48.9, 6.1, 5.2, 46, 8.5, 89),
('sacramento-ca', 46.2, 6.3, 6.8, 48, 8.8, 71),
('kansas-city-mo', 52.1, 5.8, 6.9, 34, 7.2, 57),
('mesa-az', 36.8, 7.3, 7.7, 28, 8.9, 59),
('atlanta-ga', 58.5, 5.5, 6.6, 49, 8.1, 56),
('colorado-springs-co', 41.7, 6.8, 7.8, 33, 8.4, 41),
('raleigh-nc', 35.1, 7.8, 8.7, 31, 8.2, 43),
('omaha-ne', 38.9, 7.1, 7.2, 35, 6.8, 48),
('miami-fl', 42.5, 6.7, 6.9, 78, 9.3, 38),
('oakland-ca', 67.8, 4.7, 6.1, 69, 8.9, 47),
('minneapolis-mn', 54.2, 5.7, 7.4, 70, 6.2, 41),
('tulsa-ok', 52.8, 5.8, 6.8, 26, 7.8, 54),
('cleveland-oh', 63.4, 5.1, 5.9, 57, 7.0, 53),
('wichita-ks', 47.1, 6.2, 6.6, 24, 7.5, 49),
('arlington-tx', 38.2, 7.2, 8.3, 29, 7.9, 63),
('new-orleans-la', 61.9, 5.2, 5.7, 52, 8.4, 45),
('bakersfield-ca', 44.8, 6.5, 4.9, 38, 8.6, 97),
('tampa-fl', 43.2, 6.6, 7.1, 51, 8.7, 41),
('honolulu-hi', 28.4, 8.3, 7.5, 63, 9.8, 29),
('aurora-co', 47.3, 6.2, 7.9, 31, 8.3, 43),
('anaheim-ca', 37.1, 7.3, 7.6, 58, 9.1, 69),
('santa-ana-ca', 39.8, 7.0, 6.8, 73, 9.0, 73),
('st-louis-mo', 66.2, 4.8, 5.8, 62, 7.1, 51),
('riverside-ca', 42.9, 6.7, 6.2, 42, 8.9, 81);

-- Real estate data for new cities
INSERT INTO real_estate (city_id, median_home_price, median_rent, price_to_rent_ratio, market_trend, price_per_sqft) VALUES
('new-york-ny', 1250000, 4200, 24.8, 'stable', 789),
('los-angeles-ca', 950000, 3800, 20.8, 'rising', 612),
('chicago-il', 320000, 1950, 13.7, 'stable', 189),
('houston-tx', 285000, 1650, 14.4, 'rising', 142),
('phoenix-az', 485000, 2100, 19.3, 'rising', 238),
('philadelphia-pa', 295000, 1750, 14.0, 'stable', 165),
('san-antonio-tx', 265000, 1450, 15.2, 'rising', 128),
('san-diego-ca', 875000, 3200, 22.8, 'rising', 456),
('dallas-tx', 395000, 1850, 17.8, 'rising', 168),
('san-jose-ca', 1450000, 4800, 25.2, 'stable', 798),
('jacksonville-fl', 285000, 1550, 15.3, 'rising', 142),
('fort-worth-tx', 345000, 1650, 17.4, 'rising', 156),
('columbus-oh', 245000, 1350, 15.1, 'stable', 128),
('charlotte-nc', 425000, 1750, 20.2, 'rising', 187),
('san-francisco-ca', 1650000, 4950, 27.8, 'declining', 945),
('indianapolis-in', 215000, 1250, 14.3, 'stable', 118),
('seattle-wa', 825000, 2850, 24.1, 'stable', 398),
('oklahoma-city-ok', 165000, 1050, 13.1, 'stable', 89),
('las-vegas-nv', 425000, 1950, 18.2, 'rising', 195),
('portland-or', 625000, 2250, 23.1, 'stable', 289),
('memphis-tn', 145000, 1150, 10.5, 'stable', 78),
('louisville-ky', 185000, 1200, 12.8, 'stable', 102),
('baltimore-md', 325000, 1650, 16.4, 'stable', 156),
('milwaukee-wi', 235000, 1350, 14.5, 'stable', 125),
('albuquerque-nm', 275000, 1350, 17.0, 'stable', 145),
('tucson-az', 285000, 1450, 16.4, 'rising', 142),
('fresno-ca', 385000, 1650, 19.4, 'rising', 189),
('sacramento-ca', 565000, 2150, 21.9, 'stable', 265),
('kansas-city-mo', 215000, 1250, 14.3, 'stable', 112),
('mesa-az', 465000, 2050, 18.9, 'rising', 225),
('atlanta-ga', 385000, 1850, 17.3, 'rising', 178),
('colorado-springs-co', 485000, 1950, 20.7, 'rising', 215),
('raleigh-nc', 445000, 1750, 21.2, 'rising', 189),
('omaha-ne', 195000, 1150, 14.1, 'stable', 105),
('miami-fl', 595000, 2850, 17.4, 'rising', 324),
('oakland-ca', 925000, 3450, 22.3, 'stable', 512),
('minneapolis-mn', 385000, 1650, 19.4, 'stable', 178),
('tulsa-ok', 155000, 1050, 12.3, 'stable', 85),
('cleveland-oh', 125000, 1050, 9.9, 'declining', 68),
('wichita-ks', 145000, 950, 12.7, 'stable', 79),
('arlington-tx', 385000, 1750, 18.3, 'rising', 165),
('new-orleans-la', 285000, 1550, 15.3, 'rising', 145),
('bakersfield-ca', 345000, 1650, 17.4, 'rising', 168),
('tampa-fl', 385000, 1850, 17.3, 'rising', 178),
('honolulu-hi', 985000, 3250, 25.3, 'stable', 612),
('aurora-co', 525000, 2050, 21.3, 'rising', 235),
('anaheim-ca', 785000, 2950, 22.2, 'stable', 389),
('santa-ana-ca', 745000, 2850, 21.8, 'stable', 365),
('st-louis-mo', 185000, 1250, 12.3, 'declining', 95),
('riverside-ca', 565000, 2350, 20.0, 'rising', 265);

-- Investment metrics for new cities
INSERT INTO investment_metrics (city_id, cap_rate, cash_on_cash_return, growth_potential, market_volatility) VALUES
('new-york-ny', 0.034, 0.041, 'medium', 'low'),
('los-angeles-ca', 0.048, 0.057, 'medium', 'medium'),
('chicago-il', 0.073, 0.089, 'low', 'low'),
('houston-tx', 0.069, 0.085, 'high', 'medium'),
('phoenix-az', 0.052, 0.064, 'high', 'medium'),
('philadelphia-pa', 0.071, 0.088, 'low', 'low'),
('san-antonio-tx', 0.065, 0.082, 'high', 'low'),
('san-diego-ca', 0.044, 0.053, 'medium', 'medium'),
('dallas-tx', 0.056, 0.069, 'high', 'medium'),
('san-jose-ca', 0.040, 0.047, 'medium', 'high'),
('jacksonville-fl', 0.065, 0.081, 'high', 'low'),
('fort-worth-tx', 0.057, 0.071, 'high', 'medium'),
('columbus-oh', 0.066, 0.083, 'medium', 'low'),
('charlotte-nc', 0.049, 0.061, 'high', 'medium'),
('san-francisco-ca', 0.036, 0.042, 'low', 'high'),
('indianapolis-in', 0.070, 0.089, 'medium', 'low'),
('seattle-wa', 0.041, 0.049, 'medium', 'medium'),
('oklahoma-city-ok', 0.076, 0.098, 'low', 'low'),
('las-vegas-nv', 0.055, 0.067, 'medium', 'high'),
('portland-or', 0.043, 0.052, 'medium', 'medium'),
('memphis-tn', 0.095, 0.125, 'low', 'low'),
('louisville-ky', 0.078, 0.101, 'low', 'low'),
('baltimore-md', 0.061, 0.076, 'low', 'medium'),
('milwaukee-wi', 0.069, 0.087, 'low', 'low'),
('albuquerque-nm', 0.059, 0.073, 'low', 'low'),
('tucson-az', 0.061, 0.076, 'medium', 'low'),
('fresno-ca', 0.051, 0.064, 'medium', 'medium'),
('sacramento-ca', 0.046, 0.056, 'medium', 'medium'),
('kansas-city-mo', 0.070, 0.089, 'medium', 'low'),
('mesa-az', 0.053, 0.065, 'high', 'medium'),
('atlanta-ga', 0.058, 0.072, 'high', 'medium'),
('colorado-springs-co', 0.048, 0.059, 'high', 'medium'),
('raleigh-nc', 0.047, 0.058, 'high', 'medium'),
('omaha-ne', 0.071, 0.091, 'medium', 'low'),
('miami-fl', 0.057, 0.071, 'medium', 'medium'),
('oakland-ca', 0.045, 0.054, 'medium', 'medium'),
('minneapolis-mn', 0.051, 0.064, 'medium', 'medium'),
('tulsa-ok', 0.081, 0.108, 'low', 'low'),
('cleveland-oh', 0.101, 0.142, 'low', 'low'),
('wichita-ks', 0.120, 0.165, 'low', 'low'),
('arlington-tx', 0.055, 0.068, 'high', 'medium'),
('new-orleans-la', 0.065, 0.082, 'medium', 'medium'),
('bakersfield-ca', 0.057, 0.071, 'medium', 'medium'),
('tampa-fl', 0.058, 0.072, 'high', 'medium'),
('honolulu-hi', 0.040, 0.047, 'low', 'low'),
('aurora-co', 0.047, 0.058, 'high', 'medium'),
('anaheim-ca', 0.045, 0.054, 'medium', 'medium'),
('santa-ana-ca', 0.046, 0.055, 'medium', 'medium'),
('st-louis-mo', 0.081, 0.108, 'low', 'low'),
('riverside-ca', 0.050, 0.062, 'medium', 'medium');

-- Infrastructure for new cities
INSERT INTO infrastructure (city_id, public_transit_score, avg_internet_speed_mbps, avg_commute_time, traffic_index) VALUES
('new-york-ny', 9.1, 78.5, 41, 89),
('los-angeles-ca', 4.8, 82.3, 35, 85),
('chicago-il', 7.2, 75.8, 32, 78),
('houston-tx', 3.1, 79.2, 28, 72),
('phoenix-az', 3.8, 81.7, 26, 68),
('philadelphia-pa', 6.9, 73.4, 33, 74),
('san-antonio-tx', 2.9, 76.1, 24, 65),
('san-diego-ca', 4.2, 84.6, 25, 71),
('dallas-tx', 3.5, 82.9, 27, 69),
('san-jose-ca', 5.1, 97.3, 29, 76),
('jacksonville-fl', 2.8, 77.2, 26, 66),
('fort-worth-tx', 3.2, 80.1, 26, 67),
('columbus-oh', 3.6, 74.8, 23, 62),
('charlotte-nc', 3.4, 78.9, 26, 68),
('san-francisco-ca', 8.4, 89.7, 34, 82),
('indianapolis-in', 2.7, 75.3, 24, 64),
('seattle-wa', 6.8, 85.2, 29, 73),
('oklahoma-city-ok', 2.1, 72.6, 21, 58),
('las-vegas-nv', 3.9, 76.8, 25, 69),
('portland-or', 6.2, 83.1, 27, 71),
('memphis-tn', 2.4, 71.9, 24, 63),
('louisville-ky', 2.6, 73.2, 23, 61),
('baltimore-md', 5.8, 74.5, 32, 75),
('milwaukee-wi', 4.1, 72.7, 25, 66),
('albuquerque-nm', 2.8, 75.8, 22, 59),
('tucson-az', 3.1, 76.4, 23, 61),
('fresno-ca', 2.3, 78.9, 22, 64),
('sacramento-ca', 4.7, 81.2, 28, 72),
('kansas-city-mo', 2.9, 74.1, 23, 62),
('mesa-az', 3.2, 79.8, 25, 67),
('atlanta-ga', 4.8, 77.6, 29, 76),
('colorado-springs-co', 2.2, 78.3, 22, 58),
('raleigh-nc', 3.1, 82.4, 25, 66),
('omaha-ne', 2.4, 73.9, 19, 54),
('miami-fl', 5.2, 79.7, 31, 78),
('oakland-ca', 6.9, 86.3, 31, 79),
('minneapolis-mn', 5.7, 76.8, 26, 68),
('tulsa-ok', 2.1, 72.1, 21, 56),
('cleveland-oh', 4.3, 71.8, 25, 65),
('wichita-ks', 1.8, 70.9, 18, 52),
('arlington-tx', 3.8, 81.5, 27, 69),
('new-orleans-la', 3.6, 74.2, 26, 67),
('bakersfield-ca', 2.1, 76.8, 21, 61),
('tampa-fl', 3.7, 78.1, 26, 68),
('honolulu-hi', 4.9, 73.6, 27, 71),
('aurora-co', 4.2, 80.1, 28, 70),
('anaheim-ca', 4.6, 83.7, 29, 74),
('santa-ana-ca', 4.8, 84.2, 30, 75),
('st-louis-mo', 3.9, 73.5, 25, 64),
('riverside-ca', 3.1, 79.4, 32, 76);

-- Lifestyle for new cities
INSERT INTO lifestyle (city_id, restaurants_per_capita, nightlife_score, outdoor_recreation_score, cultural_attractions, fitness_health_score) VALUES
('new-york-ny', 0.0089, 9.8, 6.2, 847, 7.8),
('los-angeles-ca', 0.0067, 8.9, 8.1, 612, 8.2),
('chicago-il', 0.0054, 8.7, 6.8, 389, 7.4),
('houston-tx', 0.0041, 7.2, 6.9, 287, 7.1),
('phoenix-az', 0.0038, 6.8, 8.7, 198, 8.1),
('philadelphia-pa', 0.0049, 7.8, 6.1, 321, 7.2),
('san-antonio-tx', 0.0036, 6.9, 7.2, 189, 7.8),
('san-diego-ca', 0.0052, 8.1, 9.2, 234, 8.9),
('dallas-tx', 0.0043, 7.6, 6.4, 298, 7.6),
('san-jose-ca', 0.0048, 7.1, 8.3, 167, 8.4),
('jacksonville-fl', 0.0034, 6.2, 7.8, 142, 7.9),
('fort-worth-tx', 0.0035, 6.4, 6.8, 156, 7.3),
('columbus-oh', 0.0039, 6.9, 6.7, 178, 7.5),
('charlotte-nc', 0.0042, 7.3, 7.1, 198, 7.8),
('san-francisco-ca', 0.0071, 9.2, 7.8, 456, 8.6),
('indianapolis-in', 0.0037, 6.6, 6.2, 189, 7.1),
('seattle-wa', 0.0059, 8.4, 8.9, 387, 8.7),
('oklahoma-city-ok', 0.0029, 5.8, 6.1, 134, 6.9),
('las-vegas-nv', 0.0061, 9.6, 7.2, 298, 7.4),
('portland-or', 0.0067, 8.2, 9.1, 289, 8.8),
('memphis-tn', 0.0031, 6.8, 5.9, 167, 6.7),
('louisville-ky', 0.0034, 6.4, 6.3, 156, 7.2),
('baltimore-md', 0.0041, 7.1, 6.2, 234, 7.1),
('milwaukee-wi', 0.0038, 7.2, 6.1, 198, 7.3),
('albuquerque-nm', 0.0032, 6.1, 8.4, 145, 7.8),
('tucson-az', 0.0031, 6.3, 8.2, 134, 7.6),
('fresno-ca', 0.0027, 5.4, 7.1, 98, 7.2),
('sacramento-ca', 0.0041, 6.8, 7.6, 178, 7.7),
('kansas-city-mo', 0.0036, 6.7, 6.4, 167, 7.1),
('mesa-az', 0.0029, 5.9, 8.3, 123, 8.1),
('atlanta-ga', 0.0048, 8.1, 6.8, 298, 7.6),
('colorado-springs-co', 0.0034, 6.2, 9.1, 156, 8.4),
('raleigh-nc', 0.0041, 7.2, 7.4, 189, 8.1),
('omaha-ne', 0.0032, 6.1, 6.2, 134, 7.2),
('miami-fl', 0.0058, 9.1, 7.8, 367, 8.2),
('oakland-ca', 0.0054, 7.9, 7.6, 245, 8.1),
('minneapolis-mn', 0.0046, 7.8, 7.2, 267, 8.2),
('tulsa-ok', 0.0028, 5.7, 6.1, 112, 6.8),
('cleveland-oh', 0.0035, 6.8, 5.8, 189, 6.9),
('wichita-ks', 0.0025, 5.2, 5.9, 89, 6.7),
('arlington-tx', 0.0038, 6.8, 6.7, 145, 7.4),
('new-orleans-la', 0.0063, 9.4, 6.4, 289, 7.1),
('bakersfield-ca', 0.0026, 5.1, 6.8, 78, 7.2),
('tampa-fl', 0.0044, 7.6, 7.9, 198, 8.1),
('honolulu-hi', 0.0052, 7.4, 9.6, 187, 8.9),
('aurora-co', 0.0034, 6.4, 8.6, 134, 8.2),
('anaheim-ca', 0.0043, 7.1, 7.8, 167, 7.9),
('santa-ana-ca', 0.0041, 6.9, 7.6, 156, 7.8),
('st-louis-mo', 0.0039, 7.1, 6.2, 198, 7.2),
('riverside-ca', 0.0035, 6.2, 7.4, 134, 7.6);

COMMIT;

-- Verify the data was inserted
SELECT 
    'Cities added successfully!' as status,
    COUNT(*) as total_cities,
    MIN(city_name) as first_city,
    MAX(city_name) as last_city
FROM cities;
